,1,2,3,4,5,6,7,8,9,10,11,12,13,14,15,16,17,18,19,20,21,22,23,24,25,26,27,28,29,30,31,32,33,34,35,36,37,38,39,40,41,42,43,44,45,46,47,48,49,50,51,52,53,54,55,56,57,58,59,60,61,62,63,64,65,66,67,68,69,70,71,72,73,74,75,76,77,78,79,80,81,82,83,84,85,86
1,0.0,40.73,38.65,32.29,27.98,7.13,18.67,10.5,24.86,27.11,28.81,38.72,29.27,14.46,27.73,18.44,41.85,45.05,42.59,17.98,27.18,14.18,31.21,29.33,29.19,42.74,4.56,28.5,5.5,28.65,14.18,9.18,22.37,17.06,42.07,30.46,22.25,23.14,60.21,11.23,36.73,27.78,2.56,39.11,18.66,17.78,60.21,11.28,44.37,19.79,22.51,2.56,50.39,9.69,19.53,18.68,30.39,30.26,40.78,3.46,22.27,27.18,36.87,41.76,4.78,0.52,18.36,18.56,25.4,28.56,8.55,7.39,17.41,18.07,28.53,21.05,18.86,17.06,23.8,21.86,36.66,28.44,36.44,24.91,25.03,1.57
2,40.93,0.0,95.52,60.45,69.95,35.19,60.35,49.15,24.97,59.01,42.59,68.76,43.05,27.43,58.76,29.73,57.64,100.21,1.94,29.26,29.29,46.99,16.55,45.12,42.97,65.48,38.16,10.23,47.47,12.63,46.99,29.24,64.33,58.74,1.96,72.13,64.21,25.39,117.07,31.19,91.88,69.74,38.7,94.27,60.34,53.31,117.07,47.3,68.01,24.57,59.98,38.7,66.06,40.49,23.48,30.88,87.25,71.97,95.88,40.76,16.46,59.08,70.62,1.65,37.6,41.25,69.66,60.23,67.37,19.83,50.52,35.46,38.99,41.2,42.32,19.89,66.45,58.74,41.16,27.91,70.41,62.18,66.21,70.23,27.29,41.36
3,38.66,94.98,0.0,28.98,26.94,44.49,27.01,30.65,68.97,28.03,52.13,23.88,52.58,53.96,28.81,57.57,35.85,12.04,96.84,57.86,71.44,32.62,70.7,41.88,52.51,35.45,43.09,67.99,34.97,82.9,32.62,46.54,21.99,28.42,96.31,10.14,19.08,72.8,21.7,50.72,11.52,27.64,39.92,11.78,31.07,53.41,21.7,33.47,31.91,59.29,35.72,39.92,44.38,41.32,59.02,56.29,8.98,16.93,14.01,40.82,61.77,28.1,17.47,96.01,42.14,37.83,22.58,27.16,16.21,76.15,28.77,44.75,55.01,54.46,51.85,60.55,19.1,28.42,47.12,69.64,20.18,27.55,33.02,17.9,74.69,37.85
4,31.83,59.96,29.2,0.0,7.17,28.76,20.09,27.51,39.67,5.46,18.5,12.25,18.6,47.43,5.73,30.97,6.86,41.42,60.49,31.27,56.23,29.48,64.18,15.3,18.69,14.54,36.56,49.79,28.08,61.62,29.48,34.35,9.92,27.49,60.91,38.14,11.58,56.11,19.25,44.19,39.51,6.97,33.1,41.16,29.71,38.1,28.5,30.34,17.07,52.76,32.58,33.1,15.4,34.8,52.5,49.76,36.98,44.93,43.39,34.0,43.57,5.53,45.47,60.7,31.74,31.01,28.97,20.15,14.74,45.54,25.63,28.32,48.48,49.14,18.64,54.02,16.88,27.49,24.6,52.93,48.18,42.6,50.6,15.11,58.0,29.04
5,27.55,69.41,19.59,7.2,0.0,25.53,15.81,23.22,41.36,1.86,18.92,11.6,18.93,43.14,2.64,32.66,14.06,30.61,71.27,32.96,51.94,25.19,59.89,15.71,19.02,15.62,32.27,51.48,23.79,57.33,25.19,31.12,5.63,23.21,62.6,22.55,7.29,51.82,19.71,39.91,25.82,1.47,28.81,28.32,25.42,33.81,26.57,26.05,17.25,48.47,28.29,28.81,22.6,30.51,48.21,45.47,23.55,31.5,32.58,29.71,45.25,1.93,32.03,62.39,28.51,26.72,26.85,15.86,7.83,47.23,21.34,25.09,44.19,44.85,19.05,49.73,12.59,23.21,23.06,48.64,34.75,38.31,47.59,10.82,53.71,24.76
6,7.09,38.86,44.6,30.22,26.88,0.0,17.22,16.45,22.89,25.24,16.23,37.62,16.69,15.8,24.99,12.47,29.27,51.0,39.39,12.76,28.52,15.81,32.55,16.75,16.61,37.11,7.51,28.69,11.45,29.99,15.81,7.21,21.9,23.01,39.41,36.4,24.18,24.48,45.73,12.57,42.67,26.67,5.14,45.06,24.61,20.73,52.6,17.24,39.64,21.13,28.45,5.14,37.81,8.02,20.87,21.92,36.33,36.21,46.72,4.53,22.47,25.31,42.82,39.1,2.98,7.42,24.31,17.11,27.34,26.59,14.5,1.83,20.36,21.02,15.95,22.39,21.81,23.01,7.52,24.37,42.61,34.39,42.39,27.71,26.37,7.52
7,13.36,61.42,26.47,20.05,15.74,15.99,0.0,8.05,50.16,14.87,21.19,26.48,21.19,35.15,15.49,29.84,26.91,32.87,63.28,30.13,52.66,10.02,51.9,19.88,21.28,30.49,24.28,49.18,8.26,49.34,10.02,21.25,10.13,8.04,62.76,18.27,10.0,43.82,34.59,31.91,24.54,15.53,14.63,26.93,10.25,18.64,48.02,10.88,32.13,40.48,13.12,14.63,35.45,22.52,40.22,37.48,18.2,24.06,28.59,15.52,42.96,14.94,24.59,62.45,16.85,12.54,8.78,0.43,13.16,40.62,6.17,15.81,36.2,35.68,21.32,41.74,6.47,8.04,28.31,50.85,27.31,19.78,31.14,11.02,45.72,12.0
8,9.33,48.78,30.86,27.49,23.18,16.59,7.81,0.0,48.31,22.31,31.47,33.92,31.92,22.51,22.93,36.9,34.35,37.27,50.64,37.19,27.27,2.32,39.26,31.99,31.85,37.93,11.64,36.54,5.18,36.7,2.32,20.84,17.57,5.07,50.12,22.67,17.44,31.18,52.42,19.27,28.94,22.97,12.02,31.32,2.89,10.94,52.42,3.17,39.57,27.84,5.76,12.02,42.89,9.78,27.58,20.79,22.6,28.45,32.99,12.92,30.32,22.38,28.99,49.81,14.24,10.26,10.61,7.7,20.6,40.22,1.97,17.89,15.04,15.2,31.19,29.1,13.91,5.07,26.46,23.97,28.84,20.62,28.62,18.46,33.08,9.95
9,25.0,24.9,69.33,39.84,41.46,20.08,49.34,48.9,0.0,38.4,21.99,48.15,22.44,25.09,38.16,9.82,37.03,75.73,25.43,10.11,44.82,35.44,33.54,24.51,22.37,44.87,26.61,14.73,40.86,26.99,35.44,15.68,36.48,47.74,25.39,61.13,38.76,34.49,55.15,24.87,67.4,41.25,23.05,69.79,49.34,40.37,67.18,36.87,47.4,29.06,53.18,23.05,42.29,28.94,30.01,33.3,61.06,60.93,71.45,24.32,14.18,38.47,67.55,25.18,22.75,25.32,49.04,49.23,41.92,7.84,47.02,20.35,40.0,40.66,21.71,35.42,41.37,47.74,25.72,34.39,67.34,59.11,67.11,42.29,36.39,25.42
10,26.38,68.24,20.11,5.78,1.71,24.36,14.64,22.05,38.27,0.0,17.23,12.45,17.24,41.97,1.22,29.57,12.64,31.13,70.11,29.86,50.78,24.02,58.72,14.02,17.33,16.47,31.1,48.39,22.62,56.17,24.02,29.95,4.46,22.04,59.51,23.07,6.13,50.65,20.56,38.74,26.34,1.5,27.65,28.85,24.25,32.64,27.42,24.88,18.1,47.31,27.12,27.65,21.18,29.34,47.04,44.3,24.07,32.02,33.1,28.54,42.16,0.42,32.56,59.3,27.34,25.55,23.51,14.69,9.28,44.14,20.17,23.92,43.02,43.68,17.36,48.56,11.42,22.04,22.72,47.48,35.28,37.14,45.14,9.65,52.54,23.59
11,28.51,42.2,53.29,18.79,19.05,14.89,21.43,32.87,21.91,17.35,0.0,27.09,0.45,31.55,17.1,13.21,15.98,59.69,42.73,13.51,45.0,35.67,45.29,3.46,0.38,23.81,32.94,32.03,24.82,38.86,35.67,22.15,19.22,31.7,43.15,45.1,21.5,40.96,34.09,40.58,51.36,18.85,29.78,53.75,33.3,45.24,44.77,35.69,26.34,34.36,37.14,29.78,23.89,31.18,35.31,46.14,45.02,44.9,55.41,30.68,25.81,17.42,51.51,42.94,17.86,27.69,33.0,21.48,24.66,27.78,30.98,14.44,44.86,45.53,0.18,38.87,24.11,31.7,8.84,49.32,51.3,43.08,51.08,25.03,42.85,27.71
12,38.27,68.37,24.64,12.25,11.5,36.26,26.53,33.95,48.08,12.59,26.92,0.0,27.01,53.87,13.37,39.39,11.45,36.87,68.9,39.68,62.67,35.92,70.62,23.71,27.11,9.31,43.0,58.2,34.52,68.06,35.92,41.85,16.36,33.93,69.32,33.58,18.02,62.55,7.13,50.63,34.96,12.2,39.54,36.61,36.15,44.54,20.37,36.78,8.24,59.2,39.02,39.54,20.76,41.24,58.94,56.2,32.43,40.37,38.84,40.44,51.98,12.66,40.91,69.12,39.24,37.45,46.02,26.59,17.79,53.96,32.07,35.82,54.92,55.58,27.05,60.46,23.32,33.93,33.01,59.37,43.63,50.99,56.47,22.78,64.44,35.48
13,28.0,42.55,52.78,18.96,18.84,14.38,21.21,32.36,22.25,17.13,0.34,27.26,0.0,31.9,16.89,13.56,16.14,59.18,43.07,13.85,52.11,35.16,45.63,3.24,0.09,23.98,32.44,32.37,24.32,39.21,35.16,22.49,19.01,31.19,43.5,44.59,21.29,41.3,34.26,40.07,50.85,18.63,29.27,53.24,32.79,44.73,44.55,35.18,26.51,34.7,36.64,29.27,23.58,30.67,35.65,45.63,44.52,44.39,54.9,30.17,26.15,17.2,51.0,43.29,17.36,27.18,32.49,21.27,24.44,28.13,30.47,13.93,44.36,45.02,0.52,39.22,23.9,31.19,8.34,48.81,50.79,42.57,50.57,24.81,43.2,27.2
14,14.14,27.24,53.54,47.47,43.16,15.77,33.56,22.36,25.6,42.29,43.7,53.9,44.15,0.0,42.91,19.18,56.74,59.94,29.1,18.71,13.69,20.21,17.72,44.22,44.08,57.91,11.37,21.74,20.68,15.16,20.21,12.85,37.55,31.95,28.58,45.34,37.42,9.65,75.09,4.4,51.61,42.95,11.91,54.0,33.55,16.79,75.1,20.84,67.11,6.3,25.45,11.91,65.27,13.7,6.04,8.45,45.27,45.15,55.66,13.97,15.0,42.36,51.76,28.27,14.14,14.47,33.25,33.45,40.58,28.85,23.73,16.03,20.73,21.39,43.42,7.56,39.66,31.95,21.72,9.54,51.55,43.32,51.33,43.44,11.54,14.57
15,27.0,58.21,21.01,5.81,2.6,23.62,15.26,22.68,37.91,0.89,16.88,13.34,16.88,42.6,0.0,29.22,12.67,32.03,58.73,29.51,51.4,24.65,59.35,13.67,16.98,17.36,31.73,48.04,23.25,56.79,24.65,29.21,5.08,22.66,59.16,23.96,6.75,51.27,21.46,39.36,27.24,2.4,28.27,29.74,24.87,33.27,28.32,25.5,19.0,47.93,27.75,28.27,21.2,29.97,47.66,44.93,24.97,32.92,33.99,29.16,41.81,0.96,33.45,58.95,26.6,26.18,24.14,15.32,9.91,43.79,20.8,23.18,43.65,44.31,17.01,49.19,12.05,22.66,22.37,48.1,36.17,37.77,45.77,10.28,53.17,24.21
16,18.24,30.0,59.13,31.47,33.09,11.71,30.32,38.7,10.3,30.03,13.62,39.78,14.07,18.34,29.79,0.0,28.66,65.53,30.52,0.29,31.79,28.69,33.08,16.14,14.0,36.5,19.86,19.82,30.66,26.66,28.69,8.93,28.11,37.54,30.54,50.93,30.39,27.74,46.78,18.12,57.2,32.89,16.3,59.59,39.14,33.62,58.81,30.12,39.03,21.14,42.98,16.3,37.08,22.19,22.09,26.55,50.86,50.74,61.25,17.57,13.6,30.1,57.35,30.24,16.0,18.57,38.84,30.37,33.55,16.79,36.82,11.98,33.25,33.91,13.34,25.66,33.0,37.54,14.68,27.63,57.14,48.91,56.92,33.92,29.64,18.67
17,41.15,56.84,35.72,6.52,13.69,27.52,26.61,34.03,36.55,11.99,15.39,11.62,15.48,56.45,12.25,27.86,0.0,47.94,57.37,28.15,65.26,36.0,59.93,12.18,15.58,8.34,45.58,46.67,37.46,53.5,36.0,33.11,16.44,34.01,57.79,44.66,18.1,65.13,18.62,53.22,46.04,13.49,42.42,47.68,36.23,57.88,32.02,36.86,10.87,61.79,39.1,42.42,9.04,43.82,61.52,58.78,43.5,51.45,49.91,43.32,40.45,12.05,51.99,57.59,30.5,40.33,35.49,26.67,21.26,42.42,32.15,27.08,57.5,58.17,15.52,63.04,23.4,34.01,21.48,61.96,54.71,55.72,63.72,21.63,67.02,40.35
18,48.35,104.67,12.25,41.87,31.38,54.19,36.71,40.35,78.67,32.46,61.83,36.77,62.28,63.65,33.25,67.26,48.73,0.0,106.54,67.56,81.14,42.31,80.4,46.32,62.21,48.33,52.78,77.69,44.66,92.6,42.31,56.24,33.17,38.11,106.01,14.42,30.26,82.5,34.58,60.42,9.21,32.07,49.62,8.05,40.77,63.11,29.05,43.17,44.8,68.99,45.42,49.62,57.27,51.02,68.72,65.98,15.07,26.63,7.85,50.52,71.46,32.53,27.16,105.71,51.84,47.53,32.28,36.86,27.39,85.85,38.46,54.45,64.71,64.16,61.55,70.24,30.28,38.11,56.82,79.33,29.88,37.25,42.72,29.08,84.39,47.55
19,42.59,1.83,97.18,60.92,71.61,35.66,62.01,50.81,25.43,59.48,43.06,69.23,43.51,29.09,59.23,30.2,58.11,101.87,0.0,29.73,30.95,48.65,16.62,45.59,43.44,65.94,39.82,10.7,49.13,14.29,48.65,29.71,65.99,60.4,1.13,73.79,65.87,27.05,118.73,32.85,93.54,71.4,40.36,95.93,62.0,54.96,118.73,48.96,68.47,26.23,61.64,40.36,66.53,42.15,25.14,32.54,88.91,73.63,97.54,42.42,16.92,59.55,72.28,0.82,38.07,42.91,71.32,61.89,69.03,19.64,52.18,35.93,40.65,42.86,42.78,21.55,68.11,60.4,41.63,29.57,72.07,63.84,67.87,71.89,28.95,43.02
20,17.95,29.7,59.6,31.95,33.57,13.25,30.79,39.18,10.69,30.51,14.09,40.26,14.54,18.05,30.26,1.23,29.14,66.0,30.23,0.0,31.49,28.4,32.79,16.62,14.47,36.97,19.56,19.53,22.31,26.36,28.4,8.64,28.59,38.01,30.25,51.41,30.87,27.45,47.26,17.82,57.68,33.36,16.0,60.06,39.61,33.33,59.28,29.83,39.5,20.85,43.46,16.0,37.56,21.89,21.8,26.26,51.34,51.21,61.73,17.27,13.31,30.58,57.82,29.94,15.71,18.28,39.31,30.85,34.02,16.49,37.3,13.52,32.96,33.62,13.81,25.37,33.48,38.01,15.16,27.34,57.61,49.39,57.39,34.39,29.35,18.38
21,26.76,29.21,71.32,56.12,51.81,28.39,53.15,41.06,44.4,50.94,52.35,62.55,52.81,13.33,51.56,31.81,65.39,76.01,31.07,31.35,0.0,25.06,22.09,52.87,52.73,66.57,23.99,29.76,29.33,17.13,25.06,25.48,46.2,46.93,30.54,64.78,46.07,2.01,92.87,17.02,67.68,51.6,24.53,70.07,40.53,29.11,92.88,26.52,75.76,15.24,35.78,24.53,73.93,22.34,14.14,6.08,63.05,47.77,71.68,26.59,29.89,51.01,46.42,30.24,26.76,27.09,45.46,53.04,49.23,40.11,42.64,28.65,14.18,17.0,52.07,10.97,59.26,46.93,34.35,3.1,46.21,37.99,42.01,61.01,5.14,27.19
22,14.8,46.52,33.25,29.87,25.56,15.53,10.19,2.73,34.26,24.69,33.85,36.3,34.3,20.24,25.31,27.84,36.73,39.65,48.38,27.37,25.0,0.0,36.99,34.37,34.23,40.32,9.37,34.28,7.21,34.44,0.0,18.58,19.95,7.05,47.85,25.05,19.82,28.92,54.8,17.01,31.32,25.35,10.08,33.71,5.32,9.77,54.8,2.0,41.95,25.58,5.82,10.08,45.27,7.51,25.31,18.53,24.98,23.66,35.37,12.14,28.05,24.76,31.37,47.55,13.19,13.97,12.99,10.08,22.98,37.96,4.35,15.79,16.04,16.7,33.57,26.83,16.29,7.05,28.84,21.7,30.07,21.84,29.84,20.84,30.81,13.99
23,31.28,16.42,70.68,64.61,60.3,32.91,50.7,39.5,32.68,59.43,45.67,71.04,46.12,17.79,60.05,32.81,73.88,77.08,16.6,32.34,22.3,37.35,0.0,61.36,46.05,75.06,28.51,18.03,37.82,6.85,37.35,29.93,54.69,49.09,17.73,62.49,54.56,18.41,92.23,21.54,68.75,60.09,29.05,71.14,50.69,46.32,92.24,37.65,84.25,14.93,53.0,29.05,69.13,30.84,13.83,23.9,62.42,64.98,72.8,31.11,19.53,59.5,63.63,17.42,31.28,31.61,50.39,50.59,57.72,28.38,40.87,33.17,32.0,34.22,45.39,10.24,56.8,49.09,38.86,20.92,63.43,55.2,59.22,60.58,15.37,31.71
24,29.12,44.81,34.0,15.33,15.6,15.49,19.96,33.47,24.52,13.89,3.36,23.64,3.36,44.42,13.64,15.83,12.52,45.02,45.34,16.12,53.23,36.28,47.9,0.0,3.45,20.36,33.55,34.64,25.43,41.47,36.28,21.08,17.65,32.31,45.76,45.7,19.32,53.1,30.64,41.19,40.23,15.39,30.39,42.73,33.91,45.85,41.31,36.3,22.89,49.76,37.75,30.39,21.05,31.79,49.49,46.75,45.63,45.51,56.02,31.28,28.42,13.96,52.12,45.56,18.47,28.3,33.61,20.02,22.47,30.39,31.59,15.05,45.47,46.13,3.49,51.01,22.65,32.31,9.45,49.93,51.91,43.68,51.69,22.85,54.99,28.32
25,28.78,42.47,53.55,19.24,19.13,15.15,21.5,33.13,22.17,17.42,0.26,27.55,0.35,31.82,17.17,13.48,16.43,59.96,42.99,13.77,45.27,35.93,45.55,3.53,0.0,24.27,33.21,32.29,25.09,39.13,35.93,22.41,19.3,31.97,43.42,45.36,21.57,41.22,34.55,40.84,51.63,18.92,30.05,54.02,33.57,45.5,44.84,35.96,26.8,34.62,37.41,30.05,23.87,31.45,35.57,46.41,45.29,45.16,55.68,30.94,26.07,17.49,51.77,43.21,18.13,27.96,33.27,21.56,24.73,28.05,31.25,14.71,45.13,45.79,0.44,39.14,24.19,31.97,9.11,49.58,51.57,43.34,51.34,25.1,43.12,27.97
26,42.28,64.99,35.66,14.67,15.51,35.67,30.54,37.95,44.69,16.59,23.53,9.31,23.63,57.88,17.37,36.0,8.46,47.89,65.51,36.29,66.68,39.92,74.62,20.32,23.72,0.0,47.01,54.82,38.52,72.07,39.92,41.26,20.36,37.94,65.94,44.6,22.03,66.55,14.06,54.64,45.98,16.2,43.55,47.63,40.15,48.54,24.83,40.78,4.16,63.21,43.03,43.55,12.33,45.24,62.94,60.2,43.45,51.39,49.86,44.44,48.59,16.66,51.93,65.73,38.65,41.46,40.82,30.59,21.8,50.57,36.07,35.23,58.93,59.59,23.67,64.47,27.32,37.94,29.63,63.38,54.65,62.01,67.49,25.56,68.45,39.49
27,4.8,38.03,43.24,37.17,32.86,8.02,23.26,12.06,25.77,31.99,33.4,43.6,33.85,11.76,32.61,19.35,46.44,49.64,39.89,18.89,24.48,9.91,28.5,33.92,33.78,47.61,0.0,25.79,10.38,25.95,9.91,10.09,27.25,21.65,39.36,35.04,27.12,20.43,64.79,8.52,41.31,32.65,2.57,43.7,23.25,14.83,64.8,11.34,56.8,17.09,15.15,2.57,54.97,2.2,16.82,15.74,34.97,34.85,45.36,4.62,19.57,32.06,41.46,39.06,5.67,5.12,22.95,23.15,30.28,29.47,13.43,8.27,14.46,15.12,33.12,18.35,29.36,21.65,28.39,18.91,41.25,33.02,41.03,33.14,22.33,5.23
28,28.56,10.17,67.96,50.22,51.83,24.96,47.98,36.78,14.73,48.78,32.36,58.52,32.81,20.34,48.53,19.5,47.41,74.36,10.7,19.03,30.17,34.62,18.9,34.89,32.74,55.24,25.79,0.0,35.1,12.49,34.62,19.01,51.97,46.37,10.72,59.76,51.84,26.28,65.52,21.79,66.03,51.63,26.33,68.42,47.97,39.55,89.51,36.05,57.77,17.58,39.87,26.33,55.83,28.12,18.53,31.77,59.69,59.57,70.08,28.39,6.22,48.84,71.51,10.41,27.37,28.89,47.67,47.86,55.0,10.44,38.15,25.23,39.87,42.09,32.08,20.78,54.08,46.37,30.93,28.79,71.3,63.07,67.09,57.86,28.18,28.99
29,5.74,47.61,34.66,28.11,23.8,11.58,8.03,5.18,41.66,22.93,24.82,34.54,25.27,21.34,23.55,30.25,37.86,41.06,49.47,30.54,30.14,6.62,38.08,25.34,25.2,38.56,10.47,35.37,0.0,35.53,6.62,13.63,18.19,13.07,48.94,26.46,18.06,30.01,56.21,18.1,32.73,23.6,7.01,35.12,7.38,22.76,56.21,7.48,40.19,26.67,10.25,7.01,46.39,8.7,26.4,23.67,26.39,26.26,36.78,7.9,29.15,23.0,32.88,48.64,9.23,5.25,14.37,7.91,21.22,33.0,3.24,12.88,22.39,23.05,24.54,27.93,13.35,13.07,19.81,26.84,32.67,24.44,32.44,20.73,31.91,4.93
30,29.85,12.43,84.44,63.18,58.87,31.48,49.27,38.07,27.63,58.0,39.08,69.61,39.53,16.35,58.62,26.22,54.13,89.13,14.29,25.75,18.21,35.91,6.82,41.61,39.46,61.96,27.08,12.98,36.39,0.0,35.91,22.0,53.25,47.66,13.77,61.05,53.13,14.31,105.99,20.11,80.8,58.66,27.62,83.19,49.26,42.23,105.99,36.22,64.49,13.49,48.9,27.62,62.55,29.41,12.4,19.8,76.17,60.89,84.8,29.68,12.94,58.07,59.54,13.46,29.84,30.18,58.58,49.15,56.29,23.33,39.44,31.73,27.91,30.12,38.8,8.81,55.37,47.66,37.43,16.83,59.33,51.1,55.13,59.15,16.21,30.28
31,14.8,46.52,33.25,29.87,25.56,15.53,10.19,2.73,34.26,24.69,33.85,36.3,34.3,20.24,25.31,27.84,36.73,39.65,48.38,27.37,25.0,0.0,36.99,34.37,34.23,40.32,9.37,34.28,7.21,34.44,0.0,18.58,19.95,7.05,47.85,25.05,19.82,28.92,54.8,17.01,31.32,25.35,10.08,33.71,5.32,9.77,54.8,2.0,41.95,25.58,5.82,10.08,45.27,7.51,25.31,18.53,24.98,23.66,35.37,12.14,28.05,24.76,31.37,47.55,13.19,13.97,12.99,10.08,22.98,37.96,4.35,15.79,16.04,16.7,33.57,26.83,16.29,7.05,28.84,21.7,30.07,21.84,29.84,20.84,30.81,13.99
32,9.31,29.18,46.82,34.62,31.28,5.96,26.84,18.67,15.68,29.64,22.12,42.02,22.58,12.4,29.39,9.26,33.67,53.23,29.7,8.8,25.84,19.76,29.87,21.15,22.5,41.51,10.93,19.01,13.68,22.11,19.76,0.0,26.3,25.23,29.72,38.63,28.58,21.8,50.13,9.27,44.9,31.08,7.37,47.28,26.83,24.69,68.38,21.19,44.04,15.2,25.01,7.37,45.59,13.25,16.15,18.62,38.56,38.43,48.95,8.64,12.78,29.71,45.04,29.42,7.07,9.64,26.53,26.73,31.74,19.38,16.73,6.23,24.32,24.98,21.84,19.72,26.21,25.23,11.92,21.69,44.84,36.61,44.61,32.11,23.7,9.74
33,21.92,63.78,22.14,9.92,5.61,20.53,10.18,17.59,36.36,4.74,19.01,16.35,19.02,37.51,5.36,27.67,16.79,33.16,65.65,27.96,46.32,19.56,54.26,17.7,19.11,20.37,26.64,51.55,18.16,51.71,19.56,26.12,0.0,17.58,65.12,22.75,2.91,46.19,24.46,34.28,28.37,5.41,23.19,30.87,19.79,28.18,31.33,20.42,22.01,42.85,22.66,23.19,25.32,24.88,42.58,39.84,22.75,27.73,35.13,24.08,45.32,4.81,28.27,64.82,23.51,21.09,19.05,10.23,6.07,42.23,15.71,20.09,38.56,39.23,19.14,44.1,6.96,17.58,18.06,43.02,30.99,32.68,40.68,6.44,48.08,19.13
34,15.77,69.07,28.32,27.35,23.04,21.61,7.68,5.73,46.08,22.17,29.24,33.78,29.69,31.07,22.79,34.68,42.28,34.72,70.93,34.97,45.53,6.51,47.82,29.76,29.62,37.8,20.2,45.1,12.08,56.99,6.51,23.65,17.43,0.0,70.41,20.13,17.31,46.89,49.87,27.83,26.39,22.84,17.04,28.78,2.77,13.94,49.88,7.37,39.44,36.4,6.77,17.04,50.82,18.44,36.13,33.4,20.06,17.84,30.44,17.93,38.88,22.24,24.45,70.1,19.26,14.94,6.77,7.56,20.46,53.26,6.11,21.86,18.03,28.55,28.96,37.66,13.78,0.0,24.23,43.73,24.24,16.02,24.02,18.33,48.79,14.96
35,39.28,1.85,96.7,61.11,62.73,35.68,58.7,47.5,25.49,59.67,43.25,69.42,43.7,28.62,59.42,30.39,58.3,101.39,1.13,29.75,30.47,45.35,17.74,45.78,43.63,66.13,36.51,10.72,45.82,13.81,45.35,29.73,57.75,57.09,0.0,70.49,62.56,26.58,118.25,32.37,93.06,62.52,37.05,95.45,58.69,54.49,118.25,48.48,68.66,25.76,61.16,37.05,66.72,38.84,24.66,32.06,88.43,73.15,97.06,39.11,16.95,59.74,71.8,0.31,38.09,39.61,70.84,58.59,65.72,19.4,48.87,35.95,40.17,42.38,42.97,21.07,64.8,57.09,41.65,29.09,71.59,63.37,67.39,68.59,28.47,39.71
36,30.33,88.55,7.62,36.46,23.41,36.17,18.68,22.32,60.64,24.49,43.8,31.36,44.26,45.63,25.28,49.24,43.33,14.45,90.42,49.53,65.02,24.29,62.38,44.32,44.18,42.93,34.76,59.66,26.64,76.48,24.29,38.21,22.74,20.09,89.89,0.0,19.83,66.38,29.18,42.39,6.01,24.11,31.6,8.51,22.74,46.99,29.18,25.15,39.39,50.96,27.39,31.6,51.86,33.0,50.7,47.96,1.78,10.51,11.89,32.49,53.44,24.56,11.04,89.59,33.82,29.51,14.25,18.83,19.42,67.82,20.44,36.42,46.68,48.04,43.53,52.22,17.82,20.09,38.79,63.21,13.76,21.13,26.6,16.62,68.27,29.52
37,21.84,63.71,19.23,11.59,7.28,22.81,10.1,17.52,38.64,6.41,21.29,18.02,21.3,37.44,7.03,29.95,18.45,30.25,65.57,30.24,46.24,19.49,54.19,19.35,21.39,22.03,26.57,51.47,18.09,51.63,19.49,28.4,2.91,17.5,65.05,19.83,0.0,46.12,24.73,34.2,25.46,7.07,23.11,27.96,19.72,28.11,29.98,20.35,23.67,42.77,22.59,23.11,26.99,24.81,42.51,39.77,19.84,24.82,32.22,24.01,45.25,6.48,25.36,64.74,25.33,21.02,18.16,10.16,3.18,44.51,15.64,22.37,38.49,39.15,21.42,44.03,6.04,17.5,20.34,42.94,28.08,32.61,40.61,3.53,48.01,19.05
38,23.03,25.53,73.0,56.36,52.05,24.66,42.45,31.25,40.72,51.18,52.59,62.79,53.04,9.6,51.8,28.08,65.63,77.69,27.39,27.61,2.36,29.1,18.42,53.11,52.97,66.81,20.26,26.08,29.57,13.45,29.1,21.75,46.44,40.84,26.86,66.46,46.31,0.0,94.56,13.29,69.36,51.84,20.8,71.75,42.21,18.68,94.56,25.91,76.0,11.56,37.47,20.8,74.16,22.59,10.47,5.47,64.74,49.45,73.36,22.86,26.22,51.25,48.1,26.56,23.03,23.36,47.15,42.34,49.47,36.43,32.62,24.92,13.57,14.23,52.31,7.29,48.55,40.84,30.61,2.49,47.9,39.67,43.69,52.33,3.63,23.46
39,59.93,116.25,22.47,19.25,19.6,44.36,34.63,51.92,55.08,20.69,33.92,7.13,34.01,75.23,21.47,46.39,18.45,34.69,118.11,46.68,92.71,53.89,91.98,30.71,34.11,13.86,64.36,89.26,56.24,104.17,53.89,49.95,24.46,49.69,117.58,31.41,24.73,94.07,0.0,71.99,32.79,20.3,61.2,34.43,52.34,74.69,10.77,54.75,11.97,80.56,56.99,61.2,23.44,62.6,80.29,77.56,30.25,38.2,36.66,62.09,83.04,20.76,38.74,117.28,63.42,59.1,43.85,34.69,21.54,60.95,50.04,43.92,76.28,75.73,34.05,81.82,29.11,49.69,40.01,90.91,41.46,48.82,54.29,24.86,95.96,59.12
40,11.26,31.02,50.66,44.59,40.28,12.89,30.68,19.48,24.94,39.41,40.82,51.02,41.27,4.75,40.03,18.52,53.86,57.06,32.88,18.05,17.47,17.33,21.49,41.34,41.2,55.03,8.49,21.74,17.8,18.94,17.33,9.28,34.67,29.07,32.35,42.46,34.54,13.42,72.21,0.0,48.73,40.07,9.03,51.12,30.67,17.43,72.22,17.16,64.22,10.08,22.57,9.03,62.39,10.82,9.81,10.32,42.39,42.27,52.78,11.09,17.26,39.48,48.88,32.05,11.26,11.59,30.37,30.57,37.7,31.1,20.85,13.15,17.06,17.72,40.54,11.34,36.78,29.07,18.84,13.31,48.67,40.44,48.45,40.56,15.32,11.69
41,36.46,91.21,10.85,39.69,26.64,42.3,24.81,28.45,66.78,27.72,49.94,34.59,50.39,51.76,28.51,55.37,46.55,9.09,93.07,55.66,67.67,30.42,68.51,50.46,50.32,46.16,40.89,65.8,32.77,79.13,30.42,44.35,28.43,26.22,92.55,6.01,25.52,69.03,32.41,48.53,0.0,27.33,37.73,3.15,28.88,49.65,32.41,31.28,42.62,57.1,33.53,37.73,55.09,39.13,56.83,54.09,6.66,13.16,6.53,38.62,59.57,27.79,13.7,92.24,39.95,35.64,20.39,24.96,22.65,73.96,26.57,42.56,52.81,50.69,49.66,58.35,25.54,26.22,44.93,65.87,16.42,23.78,29.26,24.34,70.93,35.66
42,27.56,69.42,19.87,7.21,1.47,25.54,15.82,23.23,41.37,1.87,18.93,12.21,18.94,43.15,2.65,32.67,14.07,30.89,71.28,32.97,51.95,25.2,59.9,15.72,19.03,16.23,32.28,51.49,23.8,57.34,25.2,31.13,5.64,23.22,62.61,22.83,7.3,51.83,20.32,39.92,26.1,0.0,28.82,28.61,25.43,33.82,27.19,26.06,17.86,48.48,28.3,28.82,22.61,30.52,48.22,45.48,23.84,31.78,32.86,29.72,45.26,1.94,32.32,62.4,28.52,26.73,24.69,15.87,8.11,47.24,21.35,25.1,44.2,44.86,19.06,49.74,12.6,23.22,23.07,48.65,35.04,38.32,47.88,10.83,53.72,24.76
43,2.72,38.38,40.23,33.87,29.56,5.64,20.25,12.08,23.36,28.69,30.39,40.3,30.84,12.11,29.31,16.95,43.43,46.63,40.24,16.48,24.83,10.51,28.85,30.91,30.77,44.32,2.21,26.14,7.08,26.3,10.51,7.68,23.95,18.64,39.71,32.03,23.82,20.78,61.78,8.87,38.3,29.35,0.0,40.69,20.24,15.42,61.79,11.94,45.95,17.44,15.75,0.0,51.96,2.73,17.17,16.33,31.96,31.84,42.35,2.39,19.92,28.76,38.45,39.41,3.3,3.05,19.94,20.14,26.98,27.06,10.13,5.89,15.05,15.71,30.11,18.7,20.44,18.64,11.59,19.5,38.24,30.02,38.02,26.49,22.68,3.15
44,40.57,95.31,12.0,41.61,30.74,46.41,28.92,32.56,70.88,31.83,54.04,36.51,54.49,55.87,32.61,59.48,48.48,8.06,97.17,59.77,71.77,34.53,72.61,54.56,54.42,48.08,45.0,69.9,36.88,83.24,34.53,48.45,32.53,30.33,96.65,10.11,29.62,73.14,34.33,52.63,4.9,31.44,41.83,0.0,32.98,53.75,34.33,35.39,44.54,61.2,37.63,41.83,57.01,43.23,60.93,58.2,10.77,17.27,4.25,42.73,63.68,31.9,17.8,96.34,44.06,39.74,24.49,29.07,26.75,78.06,30.68,46.66,56.92,54.79,53.76,62.46,29.64,30.33,49.03,69.97,20.52,27.89,33.36,28.44,75.03,39.76
45,13.1,63.27,31.2,29.83,25.52,18.94,10.15,3.77,50.21,24.65,33.37,36.26,33.82,25.05,25.27,38.81,36.69,37.6,65.14,39.1,39.73,4.85,56.16,33.89,33.75,40.28,14.18,39.08,7.52,51.2,4.85,20.98,19.91,2.99,64.61,23.0,19.79,41.1,52.75,21.81,29.27,25.32,14.37,31.66,0.0,11.99,52.75,5.71,41.91,30.38,4.82,14.37,45.23,12.32,30.11,23.33,22.93,19.62,33.32,15.26,32.86,24.72,26.23,64.31,16.59,12.61,9.64,10.04,22.94,40.36,4.31,20.24,16.08,16.25,33.09,31.64,16.25,2.99,28.36,37.93,26.03,17.8,25.8,21.2,42.99,12.29
46,17.37,52.14,53.32,38.17,33.86,20.59,18.49,11.03,39.33,32.99,45.1,44.6,45.55,16.81,33.61,32.91,58.14,58.01,54.0,32.45,19.28,9.52,45.02,45.62,45.48,48.62,14.45,52.69,22.08,40.06,9.52,23.65,28.25,14.81,53.47,46.78,28.12,18.28,74.87,17.04,49.68,33.65,15.14,52.07,13.08,0.0,74.88,7.93,50.25,22.15,12.04,15.14,66.67,15.09,21.88,13.71,45.06,29.77,53.68,17.2,33.13,33.06,28.42,53.17,18.25,17.7,27.46,18.38,31.28,43.03,12.65,20.84,4.1,4.27,44.82,33.9,24.59,14.81,40.09,15.99,28.21,19.99,24.01,29.14,31.85,17.8
47,61.5,117.82,24.04,28.43,26.39,51.15,49.85,53.49,66.97,27.47,44.54,20.31,44.54,76.8,28.26,58.28,31.78,28.87,119.68,58.57,94.28,55.46,93.54,41.33,44.64,24.58,65.93,90.83,57.81,105.74,55.46,69.38,31.24,51.26,119.15,32.98,29.9,95.64,10.71,73.56,34.36,27.09,62.76,36.0,53.91,76.26,0.0,56.32,22.68,82.13,58.56,62.76,34.16,64.16,81.86,79.13,31.82,39.77,38.23,63.66,84.61,27.54,40.31,118.85,64.99,60.67,45.42,50.0,26.72,72.85,51.61,50.7,77.85,77.3,44.67,83.39,35.06,51.26,48.67,92.48,43.03,50.39,55.86,30.03,97.53,60.69
48,11.38,49.61,33.77,30.39,26.08,17.23,10.71,3.25,35.95,25.21,34.37,36.82,34.82,20.84,25.83,39.81,37.25,40.17,51.47,29.07,26.62,1.74,37.59,34.89,34.75,40.84,11.07,35.97,7.73,37.53,1.74,20.27,20.47,7.03,50.95,25.57,20.35,25.62,55.32,17.04,31.84,25.88,11.78,34.23,5.3,7.76,55.32,0.0,42.47,26.18,4.26,11.78,45.79,9.21,25.91,20.44,25.5,21.81,35.89,13.83,29.75,25.28,22.74,50.64,14.88,11.16,13.51,10.6,23.5,39.65,4.87,17.48,11.86,12.03,34.09,27.43,16.81,7.03,29.36,23.32,25.24,17.82,27.44,21.36,29.28,12.5
49,44.06,67.21,32.89,16.89,17.29,37.89,32.32,39.74,46.92,18.38,25.75,8.45,25.85,66.82,19.16,38.22,10.68,45.11,67.74,38.52,75.62,41.71,70.3,22.55,25.94,4.07,55.95,57.04,40.31,63.87,41.71,43.48,22.15,39.72,68.16,41.82,23.81,75.5,12.18,63.59,43.2,17.99,45.33,44.85,41.94,50.33,22.95,42.57,0.0,72.16,44.81,45.33,11.48,54.19,71.89,69.15,40.67,48.62,47.08,46.23,50.82,18.45,49.15,67.95,40.87,43.24,42.6,32.38,23.58,52.79,37.86,37.45,67.87,68.53,25.89,73.41,29.11,39.72,31.85,72.33,51.87,59.24,64.71,27.34,77.39,41.27
50,19.81,24.32,59.21,53.14,48.83,21.44,39.23,28.03,29.03,47.96,34.4,59.57,34.86,6.32,48.58,21.54,62.41,65.61,26.18,21.08,16.26,25.87,14.8,49.89,34.78,63.58,17.04,17.56,26.35,12.24,25.87,15.21,43.21,37.62,25.66,51.01,43.09,12.21,80.76,10.07,57.28,48.62,17.58,59.67,39.22,22.13,80.76,26.18,72.77,0.0,31.12,17.58,70.94,19.37,1.21,13.8,50.94,50.82,61.33,19.64,15.1,48.03,57.43,25.35,19.8,20.14,38.92,39.11,46.25,27.91,29.4,21.69,26.08,26.74,34.13,4.64,45.33,37.62,27.39,12.1,57.22,48.99,53.18,49.11,13.09,20.24
51,15.82,58.63,35.11,32.55,28.24,22.22,12.87,5.46,54.11,27.37,37.27,38.98,37.72,23.06,27.99,42.71,39.41,41.52,60.49,43.0,35.09,5.49,51.52,37.79,37.65,43.0,16.08,40.98,10.24,46.55,5.49,25.28,22.63,6.91,59.97,26.92,22.5,36.45,56.67,19.25,33.19,28.03,16.77,35.57,4.92,9.05,56.67,4.51,44.63,28.39,0.0,16.77,47.95,12.95,28.12,22.66,26.85,19.6,37.24,17.98,34.76,27.44,20.54,59.66,19.88,15.33,10.51,12.76,25.66,44.66,7.03,22.96,13.15,13.32,36.99,40.39,18.97,6.91,32.26,33.29,23.04,15.61,21.57,23.52,38.35,15.01
52,2.72,38.38,40.23,33.87,29.56,5.64,20.25,12.08,23.36,28.69,30.39,40.3,30.84,12.11,29.31,16.95,43.43,46.63,40.24,16.48,24.83,10.51,28.85,30.91,30.77,44.32,2.21,26.14,7.08,26.3,10.51,7.68,23.95,18.64,39.71,32.03,23.82,20.78,61.78,8.87,38.3,29.35,0.0,40.69,20.24,15.42,61.79,11.94,45.95,17.44,15.75,0.0,51.96,2.73,17.17,16.33,31.96,31.84,42.35,2.39,19.92,28.76,38.45,39.41,3.3,3.05,19.94,20.14,26.98,27.06,10.13,5.89,15.05,15.71,30.11,18.7,20.44,18.64,11.59,19.5,38.24,30.02,38.02,26.49,22.68,3.15
53,49.98,65.59,44.55,15.35,22.52,36.35,35.44,42.86,42.23,20.81,24.14,20.26,23.56,65.28,21.08,36.6,9.14,56.77,66.12,36.9,74.08,44.83,68.68,21.0,23.65,12.33,54.41,55.42,46.29,62.25,44.83,45.54,25.26,42.84,66.54,53.48,26.93,73.96,23.31,62.05,54.86,22.32,51.25,56.51,45.05,66.7,34.08,45.68,11.79,57.75,47.93,51.25,0.0,52.65,70.35,67.61,52.33,60.28,58.74,52.14,49.2,20.88,60.81,66.33,39.33,49.16,44.31,35.5,30.09,50.77,40.97,35.91,66.33,66.99,24.27,71.87,32.23,42.84,30.31,70.78,63.53,64.54,72.54,30.46,75.85,49.18
54,4.91,39.98,41.74,35.67,31.36,8.13,21.76,9.85,27.72,30.49,31.9,42.1,32.35,13.71,31.11,21.3,44.94,48.14,41.84,20.84,26.43,7.7,30.45,32.42,32.28,46.11,2.25,27.74,8.88,27.9,7.7,12.04,25.75,20.15,41.31,33.54,25.62,22.38,63.29,10.47,39.81,31.15,2.68,42.2,21.75,16.33,63.3,9.13,55.3,19.04,12.94,2.68,53.47,0.0,18.77,17.24,33.47,33.35,43.86,4.74,21.52,30.56,39.96,41.01,5.79,5.24,21.45,21.65,28.78,31.42,11.93,8.39,15.96,16.62,31.62,20.3,27.86,20.15,26.89,20.41,39.75,31.52,39.53,31.64,24.28,5.34
55,19.54,23.22,58.94,52.87,48.56,21.17,38.96,27.76,29.98,47.69,49.1,59.3,49.55,6.05,48.31,22.49,62.14,65.34,25.09,22.03,15.56,25.61,13.7,49.62,49.48,63.32,16.77,18.51,26.08,11.15,25.61,16.16,42.95,37.35,24.56,50.75,42.82,11.66,80.49,9.8,57.01,48.35,17.31,59.4,38.95,21.86,80.5,25.91,72.51,1.21,30.85,17.31,70.67,19.1,0.0,13.53,50.68,50.55,61.06,19.37,16.05,47.76,56.89,24.26,19.54,19.87,38.65,38.85,45.98,28.86,29.13,21.43,25.81,26.47,48.82,3.54,45.06,37.35,27.12,11.84,56.68,48.45,52.48,48.84,11.99,19.97
56,18.63,31.04,56.2,50.13,45.81,22.25,36.22,23.62,33.36,44.95,46.36,56.56,46.81,8.46,45.57,26.94,59.4,62.6,32.9,26.47,6.55,19.06,23.93,46.88,46.74,60.57,15.7,31.59,23.34,18.96,19.06,18.65,40.2,34.61,32.38,48.0,40.08,5.55,77.75,10.33,54.27,45.61,16.4,56.66,36.21,14.14,77.75,20.52,69.76,13.8,24.63,16.4,67.93,16.34,13.53,0.0,47.93,47.8,58.32,18.45,22.76,45.02,45.7,32.07,19.51,18.95,35.91,36.1,43.24,41.94,26.39,22.51,9.03,9.69,46.08,12.8,42.32,34.61,41.35,3.25,45.5,37.27,41.29,46.1,9.08,19.06
57,30.29,86.62,11.1,39.94,24.36,36.13,18.65,22.29,60.61,25.45,43.77,34.83,44.22,45.6,26.23,49.2,46.8,15.26,88.48,49.5,63.08,24.26,62.34,44.29,44.15,46.4,34.73,59.63,26.61,74.54,24.26,38.18,22.88,20.06,87.95,1.79,19.97,64.44,32.65,42.36,6.7,25.06,31.56,9.32,22.71,45.05,32.65,25.11,42.87,50.93,27.36,31.56,55.33,32.96,50.66,47.93,0.0,8.57,13.22,32.46,53.41,25.52,9.11,87.65,33.78,29.47,14.22,18.8,20.37,67.79,20.4,36.39,46.65,46.1,43.49,52.19,17.96,20.06,38.76,61.27,11.82,19.19,24.66,16.76,66.33,29.49
58,29.73,71.64,16.72,45.56,32.76,35.57,21.56,25.2,60.04,29.12,43.21,40.46,43.66,45.03,29.74,48.64,52.43,21.42,73.51,48.93,48.11,22.91,64.53,43.72,43.58,52.03,34.16,59.06,26.04,59.57,22.91,37.61,25.62,17.73,72.98,10.18,22.71,49.47,38.28,41.79,13.09,33.46,31.0,15.47,19.33,30.08,38.28,22.02,48.49,50.36,19.5,31.0,60.96,32.4,50.1,47.36,8.46,0.0,17.09,31.89,52.84,29.19,1.9,72.68,33.22,28.91,12.6,21.71,28.77,67.22,23.32,35.82,32.34,31.13,42.93,53.41,20.7,17.73,38.19,46.3,4.06,11.42,17.65,19.5,51.36,28.92
59,40.38,85.8,14.35,43.97,32.37,46.22,28.73,32.37,70.7,33.46,53.86,38.87,54.31,55.68,34.24,59.29,50.83,7.77,87.66,59.58,62.26,34.34,78.69,54.38,54.24,50.43,44.81,69.72,36.69,73.72,34.34,48.27,34.17,30.14,87.14,11.75,31.26,63.62,36.68,52.45,6.81,33.07,41.65,4.21,32.8,44.24,36.69,35.2,46.9,61.02,37.45,41.65,59.37,43.05,60.75,58.01,12.37,17.07,0.0,42.54,63.49,33.53,17.61,86.83,43.87,39.56,24.31,28.88,28.38,77.88,30.49,46.48,46.5,45.28,53.58,62.27,29.51,30.14,48.85,60.46,20.33,25.58,30.07,28.31,65.52,39.58
60,4.2,40.79,41.71,35.35,31.04,4.7,21.73,13.55,23.79,30.17,19.37,41.78,19.82,14.52,28.12,17.37,32.4,48.11,42.65,16.91,27.24,12.92,31.27,19.89,19.74,45.79,4.62,28.43,8.56,28.71,12.92,8.11,25.42,20.12,39.15,33.51,25.3,23.2,63.26,11.29,39.78,30.83,2.31,42.17,21.72,17.84,63.26,14.35,42.77,19.85,25.56,2.31,40.94,5.13,19.59,18.74,33.44,33.31,43.83,0.0,22.2,30.24,39.93,38.84,2.98,4.52,21.42,21.61,28.46,27.49,11.61,4.96,17.46,18.13,19.09,21.11,21.92,20.12,10.65,21.92,39.72,31.49,39.49,27.96,25.09,4.63
61,22.34,16.4,61.73,43.99,45.61,18.74,41.75,30.56,14.18,42.55,26.14,52.3,26.59,14.52,42.31,13.28,41.18,68.14,16.92,12.81,30.95,28.4,19.48,28.66,26.52,49.02,19.56,6.22,28.88,13.06,28.4,12.78,45.74,40.14,16.94,53.54,45.62,27.06,59.3,17.24,59.81,45.4,20.11,62.19,41.75,33.33,83.29,29.83,51.55,15.12,33.64,20.11,49.6,21.89,16.07,22.73,53.47,53.34,63.86,22.16,0.0,42.62,59.95,16.64,21.14,22.66,41.45,41.64,48.77,13.84,31.93,19.01,32.95,33.62,25.86,21.55,47.85,40.14,24.7,29.57,59.75,51.52,59.52,51.64,28.95,22.76
62,26.59,68.46,20.33,5.48,1.92,24.58,14.85,22.27,38.23,0.22,17.2,12.67,17.2,42.19,0.92,29.54,12.34,31.35,59.05,29.83,50.99,24.24,58.94,13.99,17.3,16.68,31.32,48.36,22.84,56.38,24.24,30.17,4.68,22.25,59.48,23.29,6.34,50.87,20.78,38.95,26.56,1.72,27.86,29.06,24.47,32.86,27.64,25.1,18.32,47.52,27.34,27.86,20.88,29.56,47.26,44.52,24.29,32.24,33.32,28.76,42.13,0.0,32.77,59.27,27.56,25.77,23.73,14.91,9.5,44.11,20.39,24.14,43.24,43.9,17.33,48.78,11.64,22.25,22.69,47.69,35.49,37.36,45.36,9.87,52.76,23.8
63,36.45,69.74,17.46,46.3,33.49,42.29,25.6,29.24,66.76,34.58,49.93,41.19,50.38,51.75,35.36,55.36,53.16,22.15,71.6,55.65,46.2,29.63,62.63,50.45,50.3,52.76,40.88,70.29,32.76,57.66,29.63,44.33,28.78,24.45,71.08,10.92,25.87,47.56,39.01,48.52,13.82,34.19,37.72,16.21,26.05,28.18,39.01,30.49,49.22,55.78,25.71,37.72,61.69,39.12,54.68,44.94,9.19,1.35,17.82,38.61,59.56,34.65,0.0,70.77,39.94,35.63,15.75,25.75,29.5,73.95,27.36,42.54,30.44,29.22,49.65,51.5,23.85,24.45,44.91,44.4,2.16,9.52,16.31,22.65,49.46,35.64
64,38.98,1.54,96.39,60.63,62.25,35.38,58.39,47.2,25.28,59.19,42.78,68.94,43.23,28.31,58.95,29.92,57.82,101.08,0.82,29.45,30.16,45.04,17.44,45.3,43.16,65.66,36.21,10.42,45.52,13.51,45.04,29.42,62.38,56.79,0.31,70.18,62.26,26.27,117.95,32.06,92.75,62.05,36.75,95.14,58.39,54.18,117.95,48.18,68.19,25.45,60.86,36.75,66.24,38.53,24.35,31.76,88.13,72.84,96.75,38.8,16.64,59.26,71.49,0.0,37.78,39.3,70.54,58.28,65.41,19.2,48.57,35.65,39.86,42.08,42.5,20.76,64.5,56.79,41.35,28.78,71.29,63.06,67.08,68.28,28.16,39.41
65,5.16,37.53,42.67,31.81,28.47,3.16,22.68,14.51,22.72,26.83,17.82,39.21,18.28,14.46,26.58,16.3,30.86,49.07,38.05,15.83,27.18,13.88,31.21,18.34,18.2,38.7,5.58,27.35,9.52,28.66,13.88,7.04,23.49,21.08,38.07,34.47,25.77,23.14,47.32,11.23,40.74,28.27,3.21,43.13,22.68,18.8,64.22,15.31,41.23,19.8,26.52,3.21,39.4,6.09,19.53,20.58,34.4,34.27,44.79,1.91,21.13,26.9,40.89,37.77,0.0,5.48,22.38,22.57,28.93,26.41,12.57,3.42,18.42,19.09,17.54,21.05,22.88,21.08,9.11,23.03,40.68,32.45,40.45,29.3,25.04,5.59
66,0.52,41.05,37.84,31.48,27.17,7.45,17.86,9.69,25.17,26.3,28.0,37.91,28.45,14.78,26.92,18.76,41.04,44.24,42.91,18.29,27.5,13.37,31.53,28.52,28.38,41.92,4.88,28.81,4.69,28.97,13.37,9.5,21.56,16.25,42.39,29.64,21.43,23.45,59.39,11.54,35.91,26.96,2.88,38.3,17.85,18.09,59.4,11.02,43.56,20.11,21.69,2.88,49.57,8.88,19.84,19.0,29.57,29.45,39.96,3.77,22.59,26.37,36.06,42.08,5.1,0.0,17.55,17.74,24.59,28.87,7.74,7.7,17.72,18.38,27.72,21.37,18.05,16.25,22.99,22.17,35.85,27.62,35.63,24.09,25.35,1.89
67,20.59,68.66,22.3,28.66,24.35,26.43,9.25,10.59,50.9,23.49,34.06,36.25,34.51,35.89,24.1,39.5,35.53,28.7,70.52,39.79,45.12,12.56,61.54,34.58,34.44,40.69,25.02,49.92,16.9,56.58,12.56,28.47,18.74,6.81,69.99,14.1,18.08,46.48,43.85,32.65,20.37,24.15,21.86,22.76,9.47,27.1,43.86,13.42,42.33,41.22,14.03,21.86,44.06,23.26,40.95,38.22,14.03,14.72,24.42,22.75,43.7,23.55,15.26,69.69,24.08,19.76,0.0,9.4,20.49,58.08,8.71,26.68,29.36,28.14,33.78,42.48,15.09,6.81,29.05,43.32,17.97,10.52,15.03,14.87,48.37,19.78
68,13.1,59.39,26.54,20.12,15.81,15.72,0.11,7.79,48.13,14.94,21.26,26.55,21.26,33.12,15.56,36.72,26.98,32.95,61.25,37.02,52.39,9.76,49.86,19.95,21.36,30.57,22.25,47.15,7.99,47.31,9.76,20.98,10.2,7.77,60.72,18.35,10.07,41.79,34.66,29.88,24.62,15.6,14.37,27.0,9.99,18.38,48.1,10.62,32.2,38.45,12.86,14.37,35.52,20.48,38.18,35.45,18.28,24.13,28.67,15.26,40.93,15.01,24.67,60.42,16.59,12.28,8.86,0.0,13.23,40.36,5.91,15.54,34.17,35.41,21.39,39.71,6.54,7.77,26.28,50.59,27.39,22.88,30.88,11.09,43.69,11.74
69,25.0,66.87,16.42,14.74,8.65,25.97,13.26,20.67,41.8,9.56,24.45,17.7,24.45,40.6,10.18,33.1,21.61,27.44,68.73,33.39,49.4,22.64,57.34,22.51,24.54,21.72,29.73,54.63,21.24,54.79,22.64,31.56,6.07,20.66,68.2,19.37,3.18,49.27,21.54,37.36,22.65,9.34,26.27,25.15,22.87,31.27,26.79,23.5,23.35,45.93,25.75,26.27,30.14,27.96,45.66,42.93,20.38,28.33,29.4,27.16,48.41,9.63,28.86,67.9,28.49,24.18,20.56,13.31,0.0,47.67,18.79,25.53,41.65,42.31,24.58,47.19,9.2,20.66,23.49,46.1,31.58,35.77,44.42,5.93,51.17,22.21
70,28.67,19.75,76.51,45.61,47.23,25.31,56.53,38.03,7.84,44.17,27.76,53.92,28.21,28.4,43.93,14.9,42.8,82.91,19.8,15.19,40.56,39.12,29.29,30.28,28.14,50.64,30.28,10.47,33.03,22.88,39.12,19.36,42.25,54.92,19.35,68.31,44.53,36.67,60.92,28.54,74.58,47.03,26.72,76.97,56.52,44.04,72.95,40.55,53.17,27.97,44.36,26.72,51.23,32.61,28.92,42.16,68.24,68.12,78.63,27.99,13.88,44.24,74.73,19.14,26.43,28.99,56.22,56.41,47.69,0.0,36.08,25.58,43.67,44.33,27.48,31.16,47.14,54.92,28.82,39.18,74.52,66.29,74.3,48.06,38.56,29.1
71,8.81,50.68,28.98,25.61,21.3,14.65,5.93,1.97,46.42,20.43,29.59,32.04,30.04,24.41,21.05,35.02,32.47,35.38,52.54,35.31,50.52,3.94,41.15,30.11,29.96,36.05,13.54,38.44,3.23,38.6,3.94,16.69,15.68,6.07,52.01,20.79,15.56,33.08,50.53,21.17,27.05,21.09,10.08,29.44,4.17,12.56,50.54,4.8,37.69,29.74,7.04,10.08,41.0,11.77,29.47,26.74,20.72,26.57,31.11,10.97,32.22,20.5,27.11,51.71,12.3,8.32,8.72,5.82,18.72,36.07,0.0,15.95,16.66,16.83,29.31,31.0,12.03,6.07,24.58,29.91,29.23,21.01,29.01,16.57,34.98,8.0
72,7.53,35.15,52.05,28.4,25.06,0.44,15.59,15.69,20.33,23.41,14.41,35.8,14.86,16.24,23.17,11.34,27.45,58.45,35.67,11.64,28.96,19.37,32.99,14.93,14.79,35.28,7.95,24.98,10.7,30.43,19.37,6.03,20.08,30.46,35.7,43.85,22.35,24.92,43.91,13.01,50.12,24.85,5.58,52.51,32.06,21.17,50.77,20.8,37.81,21.58,35.9,5.58,35.98,8.46,21.31,22.36,43.78,43.65,54.17,4.97,18.75,23.48,50.27,35.39,3.42,7.86,31.76,15.48,25.51,25.35,13.75,0.0,20.8,21.46,14.13,22.83,20.18,30.46,5.7,24.81,50.06,41.83,49.83,25.88,26.81,7.16
73,18.78,39.4,55.26,50.28,45.96,22.0,36.37,18.1,40.74,45.1,46.51,56.7,46.96,22.26,45.72,34.32,59.55,59.96,41.26,33.85,15.86,16.6,32.29,47.03,46.89,60.72,15.85,39.95,23.49,27.32,16.6,25.06,40.35,34.76,40.74,48.15,40.23,17.22,76.82,18.45,51.63,45.76,16.55,54.01,20.16,7.37,76.82,15.0,69.91,25.44,19.73,16.55,68.08,16.49,24.34,9.48,47.0,31.72,55.63,18.6,34.53,45.17,30.37,40.43,19.65,19.1,29.41,36.25,43.38,50.3,19.73,22.25,0.0,0.66,46.23,21.16,42.47,34.76,41.5,11.75,30.16,21.93,25.96,46.25,19.12,19.21
74,19.1,40.14,54.6,50.6,46.29,22.32,36.69,18.43,41.06,45.42,46.83,57.03,47.28,22.58,46.04,34.64,59.87,59.3,42.0,34.17,16.6,16.92,33.03,47.35,47.21,61.04,16.17,40.69,23.81,28.06,16.92,25.38,40.67,35.08,41.48,48.06,40.55,14.26,76.16,18.77,50.97,46.08,16.87,53.35,20.48,7.69,76.16,15.33,70.23,26.17,19.07,16.87,68.4,16.81,25.08,9.69,46.34,31.05,54.97,18.92,34.85,45.49,29.71,41.17,19.98,19.42,28.75,36.57,43.71,51.04,20.05,22.57,1.22,0.0,46.55,21.9,42.79,35.08,41.82,11.97,29.5,21.27,25.29,46.57,19.85,19.53
75,28.86,42.55,53.64,19.14,19.4,15.24,21.78,33.22,20.69,17.7,0.37,27.45,0.82,31.9,17.45,13.57,16.33,60.04,43.08,13.86,45.35,36.02,45.64,3.81,0.75,24.16,33.3,32.38,25.18,39.21,36.02,22.5,19.57,32.05,43.5,45.45,21.85,41.31,34.45,40.93,51.71,19.2,30.13,54.1,33.65,45.59,45.12,36.04,26.69,34.71,37.5,30.13,24.26,31.53,35.66,46.49,45.38,45.25,55.76,31.03,26.16,17.77,51.86,43.3,18.22,28.04,33.35,21.83,25.01,28.13,31.33,14.79,45.22,45.88,0.0,39.22,24.47,32.05,9.2,49.67,51.65,43.43,51.43,25.38,43.2,28.06
76,21.07,19.71,60.46,54.39,50.08,22.7,40.48,29.29,34.9,49.21,50.63,60.82,51.08,7.57,49.83,26.05,63.66,66.87,21.57,25.58,12.04,27.13,10.18,51.15,51.0,64.84,18.29,20.26,27.61,7.63,27.13,19.72,44.47,38.88,21.04,52.27,44.35,8.15,82.02,11.33,58.54,49.88,18.84,60.92,40.48,23.39,82.02,27.44,74.03,4.71,42.73,18.84,72.2,20.62,3.61,13.64,52.2,54.72,62.59,20.89,20.39,49.28,53.37,20.74,21.06,21.39,40.18,40.37,47.5,30.61,30.66,22.95,21.74,23.95,50.35,0.0,46.58,38.88,28.65,10.66,53.16,44.94,48.96,50.37,8.84,21.5
77,18.5,60.37,19.26,16.81,12.49,20.35,6.55,13.96,41.17,11.63,23.82,23.23,23.83,34.1,12.25,32.48,23.67,30.28,62.23,32.77,58.57,15.93,50.85,22.51,23.92,27.25,23.23,48.13,13.4,48.29,15.93,25.94,6.88,13.95,61.71,17.83,6.04,42.77,29.11,30.86,25.49,12.29,19.77,27.99,16.16,24.55,34.36,16.79,28.89,39.43,19.03,19.77,32.2,21.46,39.16,36.43,17.84,22.82,29.8,20.66,41.91,11.7,23.36,61.4,21.99,17.68,13.94,6.6,9.2,47.04,12.08,20.17,35.15,41.59,23.95,40.69,0.0,13.95,22.22,56.76,26.07,29.05,37.05,4.54,44.67,17.14
78,15.77,69.07,28.32,27.35,23.04,21.61,7.68,5.73,46.08,22.17,29.24,33.78,29.69,31.07,22.79,34.68,42.28,34.72,70.93,34.97,45.53,6.51,47.82,29.76,29.62,37.8,20.2,45.1,12.08,56.99,6.51,23.65,17.43,0.0,70.41,20.13,17.31,46.89,49.87,27.83,26.39,22.84,17.04,28.78,2.77,13.94,49.88,7.37,39.44,36.4,6.77,17.04,50.82,18.44,36.13,33.4,20.06,17.84,30.44,17.93,38.88,22.24,24.45,70.1,19.26,14.94,6.77,7.56,20.46,53.26,6.11,21.86,18.03,28.55,28.96,37.66,13.78,0.0,24.23,43.73,24.24,16.02,24.02,18.33,48.79,14.96
79,22.36,40.75,47.14,25.35,22.1,6.04,27.16,26.71,26.87,23.27,9.5,33.66,9.95,21.84,23.03,14.93,22.54,53.54,41.27,15.23,34.56,29.51,38.59,10.02,9.88,30.37,26.79,30.58,18.67,36.03,29.51,11.63,17.12,25.55,41.29,38.94,19.4,30.52,40.66,18.61,45.21,21.89,11.18,47.6,27.15,39.08,68.69,29.54,32.9,27.17,30.99,11.18,31.07,25.03,26.91,39.99,38.87,38.74,49.26,10.57,24.35,23.34,45.36,40.99,9.02,21.54,26.85,27.04,22.56,29.5,24.83,5.6,38.71,39.37,9.22,28.43,21.36,25.55,0.0,30.41,45.15,36.92,44.92,22.93,32.41,21.55
80,21.8,28.06,70.59,53.29,48.98,24.74,39.38,26.79,43.25,48.12,49.53,59.72,49.98,9.68,48.73,28.15,62.56,75.28,29.92,27.69,3.57,22.23,20.95,50.05,49.9,63.74,18.87,28.61,26.51,15.98,22.23,21.82,43.37,37.78,29.39,64.05,43.25,2.57,92.14,13.36,66.95,48.78,19.57,69.34,39.8,16.46,92.15,23.69,72.93,12.27,35.05,19.57,71.1,19.51,13.0,3.25,62.33,47.04,70.95,21.62,28.75,48.18,45.69,29.09,23.1,22.12,44.73,39.27,46.4,38.96,29.56,24.99,11.35,12.01,49.25,9.82,45.49,37.78,30.69,0.0,45.48,37.26,41.28,49.27,6.1,22.23
81,36.28,69.57,19.94,48.78,35.97,42.12,28.08,30.89,66.6,37.06,49.76,43.68,50.21,51.58,37.84,55.19,55.64,24.63,71.44,55.48,46.03,29.46,62.46,50.28,50.14,55.24,40.71,70.13,32.59,57.5,29.46,44.17,31.26,24.28,70.91,13.4,28.35,47.4,41.49,48.35,16.3,36.67,37.55,18.69,25.88,28.01,41.5,30.32,51.71,55.61,25.54,37.55,64.18,38.95,54.51,44.78,11.67,3.48,20.3,38.44,59.39,37.13,2.13,70.61,39.77,35.46,17.79,28.24,31.98,73.78,28.95,42.38,30.27,29.05,49.48,51.34,26.34,24.28,44.75,44.23,0.0,9.35,13.79,25.14,49.29,35.48
82,28.11,61.4,27.28,42.02,37.7,33.95,22.34,22.72,58.43,36.84,41.59,51.02,42.04,43.41,37.46,47.02,54.63,31.97,63.27,47.32,37.87,21.29,54.29,42.11,41.97,62.58,32.54,61.96,24.42,49.33,21.29,36.0,32.09,16.11,62.74,20.74,31.97,39.23,48.83,40.18,23.64,37.5,29.38,26.03,17.72,19.84,48.84,22.15,59.05,47.44,17.37,29.38,63.16,30.78,46.34,36.61,19.02,10.82,25.76,30.27,51.22,36.91,9.47,62.44,31.6,27.29,10.44,22.23,35.13,65.61,20.78,34.21,22.1,20.89,41.31,43.17,28.44,16.11,36.58,36.06,9.26,0.0,5.29,25.98,41.12,27.31
83,35.95,65.51,33.48,49.86,45.54,41.79,30.18,30.56,66.27,44.68,49.43,57.22,49.88,51.25,45.3,54.86,62.47,38.17,67.37,55.16,41.97,29.13,58.39,49.95,49.81,68.78,40.38,66.06,32.26,53.43,29.13,43.84,39.93,23.95,66.84,26.94,39.81,43.33,55.03,48.02,29.84,45.34,37.22,32.23,25.56,23.95,55.04,29.99,65.25,51.54,21.47,37.22,71.0,38.62,50.44,40.71,25.21,17.92,33.84,38.11,59.06,44.75,17.12,66.54,39.44,35.13,14.92,30.07,42.97,73.45,28.62,42.05,26.21,24.99,49.15,47.27,36.28,23.95,44.42,40.17,14.64,5.26,0.0,30.46,45.22,35.15
84,24.51,69.91,18.03,15.15,10.84,26.38,11.09,20.33,42.21,9.97,24.86,22.83,24.86,43.64,10.59,33.51,22.02,29.04,71.77,33.8,60.5,22.3,60.38,22.92,24.95,25.6,32.77,57.67,20.75,57.83,22.3,31.97,6.48,18.46,71.24,16.6,3.57,52.31,24.9,40.4,24.26,10.64,25.77,26.76,21.11,30.92,30.15,23.15,27.24,48.97,25.4,25.77,30.55,31.0,48.7,45.97,16.6,21.58,28.57,26.67,51.45,10.04,22.12,70.94,28.0,23.68,14.92,11.15,5.97,48.08,18.44,25.94,44.69,43.52,24.99,50.23,4.54,18.46,23.9,49.14,24.84,25.92,30.43,0.0,54.21,21.72
85,25.12,27.61,75.09,58.44,54.13,26.75,44.53,33.34,42.81,53.26,54.68,64.87,55.13,11.69,53.88,30.16,67.71,79.78,29.47,29.7,5.41,31.18,15.31,55.2,55.05,68.89,22.34,28.16,31.66,15.53,31.18,23.83,48.52,42.93,28.95,68.55,48.4,4.81,96.64,15.38,71.45,53.93,22.89,73.84,44.3,32.88,96.64,30.38,78.08,13.16,39.55,22.89,76.25,24.67,12.06,10.45,66.82,51.54,75.45,24.94,28.3,53.33,50.19,28.64,25.11,25.44,49.23,44.42,51.55,38.51,34.71,27.0,18.56,20.77,54.4,8.88,50.63,42.93,32.7,7.48,49.98,41.75,45.78,54.42,0.0,25.55
86,1.63,41.09,39.14,29.16,24.85,6.87,11.76,10.98,25.22,23.98,29.3,35.59,29.75,14.82,24.6,18.81,42.34,45.54,42.96,18.34,27.54,14.66,31.57,29.82,29.68,39.6,4.92,28.86,5.99,29.02,14.66,9.54,19.24,17.55,42.43,30.94,19.11,23.5,60.69,11.59,37.21,24.64,2.92,39.6,19.15,18.14,60.69,16.09,41.24,20.16,22.99,2.92,50.87,5.43,19.89,19.05,30.87,30.75,41.26,3.82,22.63,24.05,37.36,42.13,5.15,1.95,18.85,11.65,22.27,28.92,9.04,7.11,17.77,18.43,29.02,21.41,17.09,17.55,12.8,22.22,37.15,28.92,36.93,21.77,25.39,0.0